<?xml version="1.0" encoding="UTF-8"?>
<assembly
        xmlns="http://maven.apache.org/plugins/maven-assembly-plugin/assembly/1.1.2"
        xmlns:xsi="http://www.w3.org/2001/XMLSchema-instance"
        xsi:schemaLocation="
    http://maven.apache.org/plugins/maven-assembly-plugin/assembly/1.1.2
      http://maven.apache.org/xsd/assembly-1.1.2.xsd">

  <id>submit</id>
  <formats>
    <format>zip</format>
  </formats>

  <fileSets>
    <fileSet>
      <outputDirectory>/src</outputDirectory>
      <directory>${project.basedir}/src/</directory>
    </fileSet>
    <fileSet>
      <outputDirectory>/assembly</outputDirectory>
      <directory>${project.basedir}/assembly/</directory>
    </fileSet>

    <fileSet>
      <outputDirectory>/</outputDirectory>
      <directory>${project.basedir}</directory>
      <includes>
        <include>pom.xml</include>
      </includes>
    </fileSet>
  </fileSets>
</assembly>